,norm,n_train,n_val,n_supp,train_acc,val_acc,radius
0,0.0,0,10,0,0.0,0.0,0.0
1,0.03841174183607296,2,22,2,2.0,16.0,6.044828079547489
2,0.0,0,17,0,0.0,0.0,0.0
3,0.03743210050233052,1,20,1,1.0,13.0,0.0
4,0.03700045057593324,1,6,1,1.0,4.0,0.0
5,0.0,0,7,0,0.0,0.0,0.0
6,0.09550458059180394,2,22,2,2.0,12.0,10.470716077194192
7,0.0,0,10,0,0.0,0.0,0.0
8,0.0,0,8,0,0.0,0.0,0.0
9,0.0,0,20,0,0.0,0.0,0.0
10,0.0370819788748529,1,25,1,1.0,21.0,0.0
11,0.04175421144237227,3,20,3,3.0,17.0,11.690128657619667
12,0.038114593636851886,1,10,1,1.0,2.0,0.0
13,0.0,0,6,0,0.0,0.0,0.0
14,0.041451306213229205,4,25,4,4.0,17.0,11.488898251303924
15,0.14166217170693712,4,42,4,4.0,38.0,13.051171728796149
16,0.1115720995622596,2,8,2,2.0,3.0,8.963040063450556
17,0.13982007003238298,5,19,5,5.0,12.0,14.111707765085974
18,0.03730691953231184,1,12,1,1.0,8.0,0.0
19,0.0,0,14,0,0.0,0.0,0.0
20,0.0,0,2,0,0.0,0.0,0.0
21,0.03992412370004269,2,10,2,2.0,3.0,10.01546524458224
22,0.03710145409428974,1,15,1,1.0,9.0,0.0
23,0.037032749874078556,1,7,1,1.0,3.0,0.0
24,0.0,0,31,0,0.0,0.0,0.0
25,0.2104693919262923,5,48,5,5.0,37.0,14.132520228168945
26,0.11494203832952993,4,22,4,4.0,16.0,11.516001839429878
27,0.0402210338127942,2,22,2,2.0,19.0,9.227825171700376
28,0.03756264427901696,1,19,1,1.0,13.0,0.0
29,0.1421937659760789,4,20,4,4.0,17.0,13.594136723304059
30,0.10236583384048503,4,24,4,4.0,11.0,11.68876310573525
31,0.03694020017253926,1,29,1,1.0,24.0,0.0
32,0.03748227099868922,1,7,1,1.0,7.0,0.0
33,0.04079586775287542,3,36,3,3.0,23.0,10.406938218046028
34,0.036958573857201985,1,3,1,1.0,3.0,0.0
35,0.0,0,11,0,0.0,0.0,0.0
36,0.03733280584331052,1,5,1,1.0,2.0,0.0
37,0.0,0,19,0,0.0,0.0,0.0
38,0.0,0,11,0,0.0,0.0,0.0
39,0.0,0,8,0,0.0,0.0,0.0
40,0.03752587404665738,1,21,1,1.0,21.0,0.0
41,0.03732806004236844,1,21,1,1.0,18.0,0.0
42,0.037280918063975606,1,7,1,1.0,6.0,0.0
43,0.0,0,9,0,0.0,0.0,0.0
44,0.037421206628458034,1,8,1,1.0,2.0,0.0
45,0.09695482338906702,2,4,2,2.0,4.0,10.314561266536414
46,0.0,0,17,0,0.0,0.0,0.0
47,0.1544298612355038,2,18,2,2.0,10.0,6.477530476792617
48,0.0,0,3,0,0.0,0.0,0.0
49,0.037379406222608665,1,23,1,1.0,11.0,0.0
50,0.0,0,1,0,0.0,0.0,0.0
51,0.0,0,5,0,0.0,0.0,0.0
52,0.09437296124499796,2,7,2,2.0,6.0,10.59709076984994
53,0.0,0,2,0,0.0,0.0,0.0
54,0.0,0,2,0,0.0,0.0,0.0
55,0.0,0,3,0,0.0,0.0,0.0
56,0.10975972828366956,3,21,3,3.0,3.0,11.813450537325624
57,0.12030403816359948,4,34,4,4.0,14.0,11.823185995770737
58,0.0,0,6,0,0.0,0.0,0.0
59,0.0,0,9,0,0.0,0.0,0.0
60,0.03712585704290911,1,10,1,1.0,9.0,0.0
61,0.03712134390540327,1,12,1,1.0,6.0,0.0
62,0.0,0,5,0,0.0,0.0,0.0
63,0.03749923400015062,1,9,1,1.0,3.0,0.0
64,0.09215550072856173,2,17,2,2.0,11.0,10.851224252033765
65,0.10405610688070636,3,13,3,3.0,11.0,13.552537990256445
66,0.1646093374211612,6,49,6,6.0,25.0,13.742846328697926
67,0.11021981981092131,3,33,3,3.0,19.0,11.864451575327895
68,0.0,0,13,0,0.0,0.0,0.0
69,0.1046180068377976,2,8,2,2.0,4.0,9.55882900668529
70,0.1563099185766157,5,35,5,5.0,29.0,13.980398359661054
71,0.10335847198695197,2,21,2,2.0,15.0,9.67510913974201
72,0.04301611839273742,3,21,3,3.0,18.0,13.251665329866196
73,0.09287525084671854,2,13,2,2.0,7.0,10.76736282311326
74,0.03765283957735549,1,47,1,1.0,35.0,0.0
75,0.08766257215136734,2,41,2,2.0,31.0,11.407460354869164
76,0.037322004805910594,1,13,1,1.0,10.0,0.0
77,0.0,0,10,0,0.0,0.0,0.0
78,0.1251154722884446,4,34,4,4.0,11.0,13.012038813948728
79,0.03705833539126063,1,36,1,1.0,10.0,0.0
80,0.03693705012961761,1,21,1,1.0,12.0,0.0
81,0.0,0,16,0,0.0,0.0,0.0
82,0.17611398830827873,8,131,8,8.0,109.0,13.16335800685234
83,0.1485351754202895,5,65,4,5.0,28.0,11.595814438005045
84,0.0,0,8,0,0.0,0.0,0.0
85,0.0,0,8,0,0.0,0.0,0.0
86,0.16905027227298805,7,42,6,7.0,37.0,13.046402951951752
87,0.13187536842822004,2,27,2,2.0,15.0,7.587200720471531
88,0.042185734763500966,4,53,4,4.0,46.0,12.854351553775254
89,0.0775082376613763,2,43,2,2.0,20.0,12.9025806194223
90,0.20656038813198985,6,85,6,6.0,67.0,13.617486092429377
91,0.10656868569875615,4,59,4,4.0,41.0,12.171023288968318
92,0.0,0,23,0,0.0,0.0,0.0
93,0.0,0,22,0,0.0,0.0,0.0
94,0.03981180712903269,2,50,2,2.0,13.0,9.8465091160974
95,0.042750215546822075,3,39,3,3.0,23.0,13.08062787089515
96,0.03711688587690666,1,18,1,1.0,17.0,0.0
97,0.11360877250188187,2,14,2,2.0,6.0,8.802137938196791
98,0.13287760980474544,2,19,2,2.0,10.0,7.527887973890278
99,0.03881134654999148,2,9,2,2.0,6.0,8.204809151104318
100,0.0,0,8,0,0.0,0.0,0.0
101,0.036702625773176234,1,7,1,1.0,3.0,0.0
102,0.03748609401786018,1,22,1,1.0,9.0,0.0
103,0.03690249612224501,1,14,1,1.0,13.0,0.0
104,0.04226711764694039,4,31,4,4.0,30.0,12.6953023061026
105,0.0,0,6,0,0.0,0.0,0.0
106,0.0,0,32,0,0.0,0.0,0.0
107,0.0,0,5,0,0.0,0.0,0.0
108,0.03756845536331002,1,14,1,1.0,13.0,0.0
109,0.0,0,3,0,0.0,0.0,0.0
110,0.03706399064178448,1,12,1,1.0,8.0,0.0
111,0.039282863540015776,2,1,2,2.0,1.0,9.031915796886539
112,0.11341094322938669,5,16,5,5.0,8.0,12.488821485819498
113,0.037104482978546294,1,18,1,1.0,8.0,0.0
114,0.04194073809906438,3,30,3,3.0,16.0,11.718478537230059
115,0.03708202907162395,1,14,1,1.0,9.0,0.0
116,0.0,0,3,0,0.0,0.0,0.0
117,0.0,0,1,0,0.0,0.0,0.0
118,0.122998591199298,3,8,3,3.0,7.0,10.857078347500982
119,0.037475486404514,1,5,1,1.0,0.0,0.0
120,0.0416025603588502,3,48,3,3.0,47.0,11.45283929736383
121,0.04091438010230667,3,25,3,3.0,13.0,11.409424300407226
122,0.03778649460966706,1,27,1,1.0,21.0,0.0
123,0.0371817338814708,1,16,1,1.0,8.0,0.0
124,0.03710459295367439,1,12,1,1.0,10.0,0.0
125,0.0,0,5,0,0.0,0.0,0.0
126,0.03766051281212979,1,6,1,1.0,5.0,0.0
127,0.11273275571519589,2,6,2,2.0,3.0,8.873459677132955
128,0.037245429062496116,1,9,1,1.0,3.0,0.0
129,0.07629914910122748,2,17,2,2.0,13.0,13.106831677851677
130,0.0,0,12,0,0.0,0.0,0.0
131,0.08290840541181972,2,11,2,2.0,6.0,12.062882218550763
132,0.03692759865012639,1,6,1,1.0,2.0,0.0
133,0.12972590580659935,3,10,3,3.0,8.0,9.038189682455183
134,0.03697675416980939,1,8,1,1.0,5.0,0.0
135,0.04166254418602866,3,30,3,3.0,25.0,11.773640202868874
136,0.0,0,6,0,0.0,0.0,0.0
137,0.0,0,16,0,0.0,0.0,0.0
138,0.03903209374588119,3,17,3,3.0,13.0,8.389315997629566
139,0.03710788349939731,1,28,1,1.0,8.0,0.0
140,0.10401148142192315,3,17,3,3.0,3.0,11.4815683889549
141,0.036976564460795835,1,15,1,1.0,7.0,0.0
142,0.03678714490034677,1,28,1,1.0,18.0,0.0
143,0.15633583931118775,7,71,5,7.0,54.0,13.21225429268895
144,0.03724576278692797,1,8,1,1.0,4.0,0.0
145,0.041113130481575985,2,21,2,2.0,7.0,11.244667790977102
146,0.03689367659449407,1,7,1,1.0,6.0,0.0
147,0.0,0,8,0,0.0,0.0,0.0
148,0.0,0,6,0,0.0,0.0,0.0
149,0.0,0,8,0,0.0,0.0,0.0
150,0.0,0,4,0,0.0,0.0,0.0
151,0.12536973371700832,2,9,2,2.0,4.0,7.978621044897333
152,0.0370043306135306,1,23,1,1.0,17.0,0.0
153,0.0995265812330483,6,37,5,6.0,26.0,11.940805899198963
154,0.0,0,20,0,0.0,0.0,0.0
155,0.0,0,22,0,0.0,0.0,0.0
156,0.1433103055855411,3,24,3,3.0,8.0,9.664181760722684
157,0.14453761589889477,3,23,3,3.0,16.0,10.995930759047544
158,0.0,0,20,0,0.0,0.0,0.0
159,0.0378622596886864,2,33,2,2.0,26.0,7.878911560934081
160,0.037089474650598725,1,11,1,1.0,5.0,0.0
161,0.037395023538034255,1,53,1,1.0,34.0,0.0
162,0.03706370563076673,1,9,1,1.0,5.0,0.0
163,0.10164706226157932,3,36,3,3.0,13.0,11.992522892007042
164,0.22164733106530285,7,43,6,7.0,41.0,10.949456187278418
165,0.1494434304999831,9,108,6,9.0,101.0,11.627402546293647
166,0.038819469364645025,2,30,2,2.0,19.0,8.087975545343836
167,0.03856881476668054,2,47,2,2.0,35.0,7.360506468299587
168,0.03897965136272801,2,26,2,2.0,20.0,8.4134447361705
169,0.1373494236328093,3,57,3,3.0,51.0,11.492810348414567
170,0.09375478774620231,2,12,2,2.0,8.0,10.66670061827455
171,0.11168581426388494,3,27,3,3.0,21.0,11.046283243181234
172,0.20879733438006332,7,89,7,7.0,74.0,11.317568237495648
173,0.03923880627507831,8,93,4,8.0,59.0,9.503810575501133
174,0.1893216424436582,7,81,6,7.0,61.0,10.423839321746389
175,0.13162344681343652,10,139,6,10.0,112.0,12.202432595099499
176,0.0,0,7,0,0.0,0.0,0.0
177,0.1212294601987313,2,31,2,2.0,20.0,8.251544235104358
178,0.0,0,0,0,0.0,0.0,0.0
179,0.0,0,9,0,0.0,0.0,0.0
180,0.1308099558764326,4,15,4,4.0,14.0,10.770925418838049
181,0.12403743349833916,3,41,2,3.0,38.0,8.37081127682328
182,0.03634851739793842,1,8,1,1.0,5.0,0.0
183,0.03732212536388788,3,33,3,3.0,25.0,5.953463541722591
184,0.03729050313894648,1,20,1,1.0,5.0,0.0
185,0.14147585730205217,6,61,5,6.0,40.0,11.270729039274206
186,0.03703220315185882,1,11,1,1.0,6.0,0.0
187,0.036717090017083495,1,14,1,1.0,6.0,0.0
188,0.09927557870431958,2,31,2,2.0,24.0,10.077468528656805
189,0.0377287429475702,10,125,4,10.0,110.0,6.898091570758548
190,0.03643841423673097,2,36,2,2.0,27.0,1.6757813319394013
191,0.2520739624899911,22,262,9,22.0,258.0,8.798625720332046
192,0.039928601097650125,2,11,2,2.0,6.0,10.275663773134486
193,0.037996943194247276,1,9,1,1.0,6.0,0.0
194,0.17769640890592733,3,36,3,3.0,25.0,9.648878489307362
195,0.13916898113677753,6,33,6,6.0,23.0,13.595574443740826
196,0.03689423882442834,1,13,1,1.0,2.0,0.0
197,0.0,0,5,0,0.0,0.0,0.0
198,0.036935509518909684,1,31,1,1.0,22.0,0.0
199,0.1044487250915049,4,30,4,4.0,24.0,14.146511988668987
200,0.036948643507890844,1,17,1,1.0,13.0,0.0
201,0.037039149866710565,1,10,1,1.0,5.0,0.0
202,0.0413979590375908,4,32,4,4.0,15.0,12.084742959685551
203,0.0,0,26,0,0.0,0.0,0.0
204,0.03956981538293207,2,19,2,2.0,14.0,9.660117939477889
205,0.08309204782218661,2,9,2,2.0,4.0,12.03786036243755
206,0.14695460706482658,4,53,4,4.0,39.0,10.433916496188724
207,0.11127863064131024,2,36,2,2.0,16.0,8.990778371473885
208,0.03740011995405544,1,9,1,1.0,5.0,0.0
209,0.03713684779972855,1,9,1,1.0,3.0,0.0
210,0.039382698351905616,2,18,2,2.0,13.0,8.645859195606455
211,0.03699082891756371,1,23,1,1.0,17.0,0.0
212,0.03717294018654055,1,8,1,1.0,4.0,0.0
213,0.03747533100852661,1,7,1,1.0,3.0,0.0
214,0.0,0,5,0,0.0,0.0,0.0
215,0.0,0,10,0,0.0,0.0,0.0
216,0.0,0,16,0,0.0,0.0,0.0
217,0.10748369240934,2,31,2,2.0,24.0,9.304732954387372
218,0.11984766816867816,3,32,3,3.0,29.0,10.614591214928708
219,0.0,0,25,0,0.0,0.0,0.0
220,0.03889114495168068,2,12,2,2.0,6.0,9.68191853570976
221,0.11570980452465118,3,4,3,3.0,3.0,12.067380302648951
222,0.0,0,20,0,0.0,0.0,0.0
223,0.1310716224846103,2,12,2,2.0,9.0,7.629546606104688
224,0.17088949735996412,4,17,4,4.0,10.0,11.710644538204473
225,0.038699100726965835,3,31,3,3.0,21.0,7.470601963607805
226,0.16472338340921405,3,49,3,3.0,43.0,7.335926692411491
227,0.04034420982213094,2,34,2,2.0,28.0,10.399739796857332
228,0.038369253219017165,4,22,4,4.0,15.0,7.539634853403726
229,0.036789172377950353,1,39,1,1.0,28.0,0.0
230,0.21364354129899105,7,64,7,7.0,46.0,10.513743788999697
231,0.11971158413261208,10,34,6,10.0,23.0,13.209211439547051
232,0.0,0,31,0,0.0,0.0,0.0
233,0.0,0,25,0,0.0,0.0,0.0
234,0.036650904100042264,1,33,1,1.0,12.0,0.0
235,0.0,0,21,0,0.0,0.0,0.0
236,0.13591095830904676,6,76,5,6.0,56.0,11.125225649078851
237,0.038343606580102746,6,30,4,6.0,24.0,8.064436377146116
238,0.29232305222968674,9,67,7,9.0,53.0,10.19341742494391
239,0.12137169488532779,3,27,3,3.0,21.0,11.201646701947205
240,0.03722975708237462,1,5,1,1.0,5.0,0.0
241,0.12998231707479083,4,46,4,4.0,41.0,10.891985180954864
242,0.03914159373715378,2,5,2,2.0,2.0,8.20753028155236
243,0.0,0,4,0,0.0,0.0,0.0
244,0.0,0,6,0,0.0,0.0,0.0
245,0.03716400115204942,1,12,1,1.0,9.0,0.0
246,0.0,0,5,0,0.0,0.0,0.0
247,0.0,0,4,0,0.0,0.0,0.0
248,0.04078785153110584,2,19,2,2.0,18.0,11.223892545766422
249,0.1522176751431526,6,41,5,6.0,36.0,9.404609787778943
250,0.0,0,10,0,0.0,0.0,0.0
251,0.036644064514387585,1,7,1,1.0,3.0,0.0
252,0.03704994176583504,1,7,1,1.0,5.0,0.0
253,0.11801649973760767,3,14,3,3.0,9.0,9.176708348652127
254,0.0,0,7,0,0.0,0.0,0.0
255,0.0,0,5,0,0.0,0.0,0.0
256,0.03903029693095669,2,21,2,2.0,12.0,8.183096082560759
257,0.09617455187589699,3,58,3,3.0,23.0,12.340519487680389
258,0.150679989717683,4,29,4,4.0,23.0,11.280113445938381
259,0.0,0,21,0,0.0,0.0,0.0
260,0.0,0,27,0,0.0,0.0,0.0
261,0.1196709404836925,3,27,3,3.0,20.0,11.507112325512688
262,0.15288521853886974,4,30,4,4.0,19.0,13.094739663069506
263,0.03727968777196631,1,32,1,1.0,12.0,0.0
264,0.0,0,17,0,0.0,0.0,0.0
265,0.03743427847438846,1,27,1,1.0,24.0,0.0
266,0.0414004928785235,2,14,2,2.0,10.0,11.588592339989075
267,0.03716686852411481,1,28,1,1.0,1.0,0.0
268,0.09750116025117302,2,18,2,2.0,12.0,10.257550048507909
269,0.0,0,12,0,0.0,0.0,0.0
270,0.11312954775130561,4,31,4,4.0,16.0,12.17333262874118
271,0.04036973681344745,3,33,3,3.0,21.0,9.76503958303446
272,0.03714277866017838,1,43,1,1.0,33.0,0.0
273,0.04333542187981235,7,50,7,7.0,36.0,13.753768778868338
274,0.17732790573374504,6,44,6,6.0,36.0,12.706041605814242
275,0.08571219015931847,2,25,2,2.0,10.0,11.66842242385406
276,0.13208965958666907,3,27,3,3.0,13.0,11.529881482261764
277,0.03678771144570139,1,38,1,1.0,18.0,0.0
278,0.12017089916038859,3,36,3,3.0,25.0,12.26398937753972
279,0.03733412140706241,1,11,1,1.0,10.0,0.0
280,0.04065543999939309,3,29,3,3.0,25.0,10.486626506392694
281,0.1232384025521688,5,39,5,5.0,24.0,13.873048772037027
282,0.037468333391131675,1,34,1,1.0,8.0,0.0
283,0.10914195592848343,3,21,3,3.0,17.0,11.747783413349154
284,0.039752375458667256,2,36,2,2.0,14.0,9.75684626441101
285,0.14678943075043435,5,40,5,5.0,21.0,14.7018559293104
286,0.17846577854499954,5,25,5,5.0,17.0,13.225419306466447
287,0.04157055035955907,2,22,2,2.0,18.0,12.300047407498568
288,0.03733557799522289,1,34,1,1.0,31.0,0.0
289,0.16538388922402766,5,39,5,5.0,23.0,12.221112746032182
290,0.04114897606641877,3,56,3,3.0,55.0,11.408988165400425
291,0.13035680821337553,3,22,3,3.0,17.0,10.604136074580715
292,0.14925730193362907,5,19,5,5.0,13.0,10.88461964927753
293,0.03729696113927867,1,23,1,1.0,14.0,0.0
294,0.03955611197618789,2,26,2,2.0,11.0,9.554058383406767
295,0.0,0,14,0,0.0,0.0,0.0
296,0.0,0,25,0,0.0,0.0,0.0
297,0.0,0,13,0,0.0,0.0,0.0
298,0.0,0,11,0,0.0,0.0,0.0
299,0.037189227033069296,1,4,1,1.0,3.0,0.0
300,0.0,0,16,0,0.0,0.0,0.0
301,0.03687378328972093,1,12,1,1.0,5.0,0.0
302,0.03700390047150956,1,14,1,1.0,6.0,0.0
303,0.0,0,5,0,0.0,0.0,0.0
304,0.03664723100671628,1,16,1,1.0,14.0,0.0
305,0.0,0,29,0,0.0,0.0,0.0
306,0.038640421179315126,2,9,2,2.0,6.0,8.253062107200709
307,0.036551564366099985,1,5,1,1.0,5.0,0.0
308,0.14734579011614296,4,30,4,4.0,18.0,10.680815398388884
309,0.0,0,20,0,0.0,0.0,0.0
310,0.040071639267731475,2,11,2,2.0,6.0,10.67261447138156
311,0.10176368331100316,2,6,2,2.0,2.0,9.82996861151685
312,0.03906542164936932,2,29,2,2.0,28.0,8.359985106305436
313,0.12826791080806343,3,25,3,3.0,21.0,10.377392958183705
314,0.11206158798340597,2,9,2,2.0,3.0,8.923785145837702
315,0.03753621868501854,1,4,1,1.0,2.0,0.0
316,0.0,0,12,0,0.0,0.0,0.0
317,0.0,0,17,0,0.0,0.0,0.0
318,0.03734163663469707,1,9,1,1.0,4.0,0.0
319,0.0,0,1,0,0.0,0.0,0.0
320,0.037590798624847634,1,39,1,1.0,13.0,0.0
321,0.04160009418362151,3,21,3,3.0,15.0,11.66721740953084
322,0.1897592318108125,7,53,7,7.0,42.0,13.093743386335573
323,0.039238592605029085,3,32,3,3.0,19.0,8.610087558596828
324,0.03996135295829817,2,21,2,2.0,10.0,10.10340543722837
325,0.0372767464305322,1,16,1,1.0,6.0,0.0
326,0.04008161064832253,2,33,2,2.0,24.0,9.811983389442673
327,0.037181563128280394,1,15,1,1.0,7.0,0.0
328,0.11239432148272827,4,19,4,4.0,13.0,14.020378130144106
329,0.037575166562733686,1,13,1,1.0,4.0,0.0
330,0.0,0,29,0,0.0,0.0,0.0
331,0.0,0,11,0,0.0,0.0,0.0
332,0.08473567539132403,2,19,2,2.0,15.0,11.801443334392067
333,0.039683942767749766,2,12,2,2.0,10.0,8.64550075548898
334,0.0,0,21,0,0.0,0.0,0.0
335,0.0,0,13,0,0.0,0.0,0.0
336,0.20517597163040194,9,108,9,9.0,90.0,14.075535506433441
337,0.14460527597491976,9,86,9,9.0,71.0,14.467938146958877
338,0.24290204211319005,18,201,14,18.0,173.0,14.365574657909034
339,0.1777268755422283,7,94,5,7.0,65.0,12.63600435015751
340,0.09975219740312773,2,29,2,2.0,15.0,10.02563808482062
341,0.13540126441886788,4,19,4,4.0,12.0,12.38849757770572
342,0.11515489780385915,4,57,4,4.0,43.0,12.866506984079606
343,0.11471489092113621,4,20,4,4.0,17.0,13.537309414041147
344,0.1283335053828379,3,54,3,3.0,39.0,12.249550171823909
345,0.03729582181511082,1,49,1,1.0,24.0,0.0
346,0.11260344669984187,4,58,4,4.0,37.0,12.767407222953624
347,0.09859492156745736,3,35,3,3.0,18.0,13.772280215415822
348,0.0389909648365825,2,26,2,2.0,19.0,8.581045491985376
349,0.11533857411938096,4,27,4,4.0,22.0,13.506340454257819
350,0.0,0,33,0,0.0,0.0,0.0
351,0.037384155556997305,1,11,1,1.0,4.0,0.0
352,0.037122766274691577,1,22,1,1.0,18.0,0.0
353,0.03760210624653419,1,18,1,1.0,10.0,0.0
354,0.0,0,36,0,0.0,0.0,0.0
355,0.11054356379675795,2,14,2,2.0,6.0,9.059081632244729
356,0.03966893048175338,2,8,2,2.0,4.0,9.136898998407736
357,0.0,0,10,0,0.0,0.0,0.0
358,0.1691964962096233,4,29,4,4.0,18.0,12.269402684480555
359,0.0,0,13,0,0.0,0.0,0.0
360,0.037395383818388396,1,21,1,1.0,20.0,0.0
361,0.0,0,4,0,0.0,0.0,0.0
362,0.03761188235765656,1,12,1,1.0,2.0,0.0
363,0.0,0,5,0,0.0,0.0,0.0
364,0.0,0,10,0,0.0,0.0,0.0
365,0.037320959111116096,1,4,1,1.0,1.0,0.0
366,0.03726226016580924,1,20,1,1.0,13.0,0.0
367,0.0,0,6,0,0.0,0.0,0.0
368,0.1309470222695794,5,53,5,5.0,33.0,13.145999251607195
369,0.038519795915959554,2,43,2,2.0,27.0,7.236895559815708
370,0.12595361193103694,6,86,6,6.0,72.0,12.424545528936246
371,0.1566657913751765,5,43,5,5.0,34.0,13.397662887911416
372,0.09748834658831411,2,14,2,2.0,10.0,10.2589000285146
373,0.0,0,11,0,0.0,0.0,0.0
374,0.038589083952559514,3,33,3,3.0,27.0,7.562408069360885
375,0.03752468762246975,1,11,1,1.0,7.0,0.0
376,0.11476874753583124,5,49,5,5.0,40.0,13.186073385287239
377,0.11472679309419623,3,37,3,3.0,32.0,10.292473842075692
378,0.14820962648654834,5,33,5,5.0,27.0,12.29432276239855
379,0.0,0,18,0,0.0,0.0,0.0
380,0.040273047663878764,2,16,2,2.0,13.0,9.74640388144858
381,0.037057324200593836,1,6,1,1.0,3.0,0.0
382,0.0,0,9,0,0.0,0.0,0.0
383,0.0,0,5,0,0.0,0.0,0.0
384,0.0,0,9,0,0.0,0.0,0.0
385,0.03731641280340561,1,22,1,1.0,11.0,0.0
386,0.0,0,5,0,0.0,0.0,0.0
387,0.12783908023610416,4,15,4,4.0,12.0,11.533376486193474
388,0.036771787172002586,1,8,1,1.0,5.0,0.0
389,0.0372681940207353,1,17,1,1.0,11.0,0.0
390,0.037298722989808006,1,15,1,1.0,9.0,0.0
391,0.12999800233955988,3,15,3,3.0,9.0,11.394015926346695
392,0.0,0,6,0,0.0,0.0,0.0
393,0.03739930257980199,1,12,1,1.0,5.0,0.0
394,0.03730403559047456,1,5,1,1.0,2.0,0.0
395,0.0,0,6,0,0.0,0.0,0.0
396,0.03693444327968535,1,16,1,1.0,1.0,0.0
397,0.10689869871868346,2,20,2,2.0,9.0,9.357257255742772
398,0.03702897954606036,1,17,1,1.0,14.0,0.0
399,0.0,0,16,0,0.0,0.0,0.0
400,0.0,0,14,0,0.0,0.0,0.0
401,0.0,0,9,0,0.0,0.0,0.0
402,0.03720866898907952,1,8,1,1.0,2.0,0.0
403,0.0,0,11,0,0.0,0.0,0.0
404,0.0,0,10,0,0.0,0.0,0.0
405,0.0,0,10,0,0.0,0.0,0.0
406,0.03695857074669771,1,8,1,1.0,2.0,0.0
407,0.0,0,6,0,0.0,0.0,0.0
408,0.03710403362760314,1,18,1,1.0,12.0,0.0
409,0.0,0,26,0,0.0,0.0,0.0
410,0.03701609355953823,1,5,1,1.0,2.0,0.0
411,0.10982370874420055,2,4,2,2.0,2.0,9.110425191515144
412,0.1049886238015619,2,30,2,2.0,23.0,9.524853302423875
413,0.1541460389795436,7,42,7,7.0,34.0,10.85931654880064
414,0.037367951609026326,1,9,1,1.0,5.0,0.0
415,0.0364628622573781,1,21,1,1.0,13.0,0.0
416,0.036774304878183985,2,35,2,2.0,29.0,3.1013460001809063
417,0.1727485806281419,5,48,5,5.0,39.0,12.097835035029409
418,0.254711159574732,7,22,6,7.0,22.0,11.162469945027294
419,0.1254340252092007,4,35,4,4.0,34.0,10.507237294540754
420,0.22038513899849327,11,79,7,11.0,74.0,11.828465763159658
421,0.18028944413057316,14,107,9,14.0,103.0,13.502746964196463
422,0.10868589129349952,3,45,3,3.0,28.0,10.439480199317677
423,0.03696161447114254,1,35,1,1.0,27.0,0.0
424,0.0,0,13,0,0.0,0.0,0.0
425,0.0,0,12,0,0.0,0.0,0.0
426,0.039130621158935765,2,4,2,2.0,2.0,8.79065077242762
427,0.03927901436224884,2,1,2,2.0,1.0,8.624000233682418
428,0.20224541945431784,8,91,7,8.0,81.0,12.95763946043882
429,0.15120533538892117,6,60,4,6.0,54.0,11.942562562270563
430,0.038301308258000086,2,22,2,2.0,14.0,7.2690450995711196
431,0.03782754575860958,2,20,2,2.0,5.0,6.810485668211745
432,0.03661246881529668,1,7,1,1.0,7.0,0.0
433,0.037207347618819796,1,22,1,1.0,8.0,0.0
434,0.0,0,5,0,0.0,0.0,0.0
435,0.03721025038481132,1,5,1,1.0,5.0,0.0
436,0.03706577921631503,1,30,1,1.0,22.0,0.0
437,0.0,0,57,0,0.0,0.0,0.0
438,0.0,0,12,0,0.0,0.0,0.0
439,0.0,0,13,0,0.0,0.0,0.0
440,0.037134012573860106,1,6,1,1.0,3.0,0.0
441,0.10734650751632943,3,9,3,3.0,6.0,12.52752335666882
442,0.0,0,2,0,0.0,0.0,0.0
443,0.036963441066928615,1,2,1,1.0,2.0,0.0
444,0.03722593897450315,1,29,1,1.0,2.0,0.0
445,0.12917628345128723,4,61,4,4.0,52.0,9.674611946397784
446,0.0369346168501742,1,4,1,1.0,4.0,0.0
447,0.15316030472471007,6,38,5,6.0,36.0,7.43946327516926
448,0.04043724177636664,3,13,3,3.0,8.0,10.499559881934033
449,0.09667199232817276,2,7,2,2.0,3.0,10.344675167120716
450,0.03689381560305599,1,14,1,1.0,8.0,0.0
451,0.09771986195954754,2,23,2,2.0,20.0,10.236104745957258
452,0.0,0,16,0,0.0,0.0,0.0
453,0.0,0,11,0,0.0,0.0,0.0
454,0.1083872632925448,2,23,2,2.0,7.0,9.227137694860623
455,0.0,0,20,0,0.0,0.0,0.0
456,0.0,0,6,0,0.0,0.0,0.0
457,0.03755814923498078,1,8,1,1.0,3.0,0.0
458,0.03706858316364777,1,4,1,1.0,4.0,0.0
459,0.03711912255367189,1,8,1,1.0,7.0,0.0
460,0.0,0,11,0,0.0,0.0,0.0
461,0.0371584419966264,1,3,1,1.0,1.0,0.0
462,0.03744647897464096,1,21,1,1.0,1.0,0.0
463,0.03704755179109894,1,14,1,1.0,13.0,0.0
464,0.0389647593027652,2,27,2,2.0,19.0,8.332453983469572
465,0.03862629114746584,2,24,2,2.0,23.0,7.424922470787183
466,0.036944089215903635,1,37,1,1.0,26.0,0.0
467,0.0,0,17,0,0.0,0.0,0.0
468,0.09829074989709853,2,10,2,2.0,3.0,10.176763799868894
469,0.03710784891925656,1,9,1,1.0,6.0,0.0
470,0.03708885636266813,1,17,1,1.0,17.0,0.0
471,0.0,0,9,0,0.0,0.0,0.0
472,0.0,0,12,0,0.0,0.0,0.0
473,0.03665480848908543,1,19,1,1.0,14.0,0.0
474,0.0,0,6,0,0.0,0.0,0.0
475,0.0,0,13,0,0.0,0.0,0.0
476,0.03681446469320394,1,13,1,1.0,8.0,0.0
477,0.0,0,14,0,0.0,0.0,0.0
478,0.0384785183187247,2,19,2,2.0,11.0,7.779851587143621
479,0.12364319551125315,3,3,3,3.0,2.0,11.072638397155083
480,0.03677325538778457,1,22,1,1.0,9.0,0.0
481,0.03798165732938496,2,24,2,2.0,8.0,5.010851771238201
482,0.03924158400889645,2,32,2,2.0,17.0,8.676078673296258
483,0.036546317535828016,1,28,1,1.0,6.0,0.0
484,0.15722415316687435,5,70,5,5.0,33.0,11.76008432102411
485,0.12216144610954917,3,35,3,3.0,18.0,10.06370101263038
486,0.23520943938874578,11,64,8,11.0,56.0,12.173480961399934
487,0.1777041000103202,4,34,4,4.0,27.0,9.766386341459738
488,0.03709651018643694,1,9,1,1.0,7.0,0.0
489,0.0,0,11,0,0.0,0.0,0.0
490,0.0,0,17,0,0.0,0.0,0.0
491,0.0,0,14,0,0.0,0.0,0.0
492,0.03815242314771323,2,51,2,2.0,44.0,6.7933692628982785
493,0.10565151520521612,2,10,2,2.0,5.0,9.465199656542667
494,0.03681322784613253,1,21,1,1.0,17.0,0.0
495,0.037015329189170706,1,5,1,1.0,4.0,0.0
496,0.03739503319289302,1,22,1,1.0,19.0,0.0
497,0.03746203500287568,1,34,1,1.0,29.0,0.0
498,0.10565645621403569,2,17,2,2.0,11.0,9.465145213516886
499,0.0,0,10,0,0.0,0.0,0.0
500,0.0,0,19,0,0.0,0.0,0.0
501,0.037322676386655554,1,14,1,1.0,14.0,0.0
502,0.0,0,12,0,0.0,0.0,0.0
503,0.03679432535015977,1,12,1,1.0,0.0,0.0
504,0.03756347239701777,1,12,1,1.0,7.0,0.0
505,0.03715935414651619,1,31,1,1.0,28.0,0.0
506,0.03720880843278128,1,7,1,1.0,3.0,0.0
507,0.0,0,9,0,0.0,0.0,0.0
508,0.12612463829016093,3,10,3,3.0,7.0,9.638213886836917
509,0.0,0,4,0,0.0,0.0,0.0
510,0.0,0,9,0,0.0,0.0,0.0
511,0.036834046902536464,1,4,1,1.0,3.0,0.0
